{
  "agra,in": [
    27.1752554,
    78.0098161
  ],
  "ahmedabad,in": [
    23.0215374,
    72.5800568
  ],
  "amritsar,in": [
    31.6356659,
    74.8787496
  ],
  "auli,in": [
    30.5377872,
    79.5657242
  ],
  "ayodhya,in": [
    26.7990707,
    82.2052321
  ],
  "bangalore,in": [
    12.9767936,
    77.590082
  ],
  "belur math,in": [
    22.6323298,
    88.3564507
  ],
  "bengaluru,in": [
    12.9767936,
    77.590082
  ],
  "bhubaneswar,in": [
    20.2602964,
    85.8394521
  ],
  "bodh gaya,in": [
    24.6980234,
    84.9880829
  ],
  "chennai,in": [
    13.0836939,
    80.270186
  ],
  "cherrapunji,in": [
    25.2777336,
    91.7292416
  ],
  "coorg,in": [
    12.3827332,
    75.6640715
  ],
  "darjeeling,in": [
    27.0377554,
    88.263176
  ],
  "delhi,in": [
    28.6138954,
    77.2090057
  ],
  "gangtok,in": [
    27.329046,
    88.6122673
  ],
  "goa,in": [
    15.3004543,
    74.0855134
  ],
  "gulmarg,in": [
    34.04897,
    74.39212
  ],
  "hyderabad,in": [
    17.360589,
    78.4740613
  ],
  "jaipur,in": [
    26.9154576,
    75.8189817
  ],
  "kerala,in": [
    10.3528744,
    76.5120396
  ],
  "kodaikanal,in": [
    10.233712,
    77.4919719
  ],
  "kolkata,in": [
    22.5726459,
    88.3638953
  ],
  "konkan,in": [
    17.9193945,
    73.1895077
  ],
  "kutch,in": [
    23.583333,
    70.0
  ],
  "leh,in": [
    34.1642029,
    77.5848133
  ],
  "lonavala,in": [
    18.7503694,
    73.4069436
  ],
  "lucknow,in": [
    26.8381,
    80.9346001
  ],
  "mahabaleshwar,in": [
    17.9242764,
    73.6575799
  ],
  "manali,in": [
    32.2454608,
    77.1872926
  ],
  "mathura,in": [
    27.4955539,
    77.6855554
  ],
  "mount abu,in": [
    24.592433,
    72.7081876
  ],
  "mumbai,in": [
    19.054999,
    72.8692035
  ],
  "munnar,in": [
    10.0869959,
    77.0600915
  ],
  "mussoorie,in": [
    30.4569012,
    78.0782906
  ],
  "nainital,in": [
    29.294995,
    79.4162511
  ],
  "ooty,in": [
    11.4126769,
    76.7030504
  ],
  "panchgani,in": [
    17.9239543,
    73.7992681
  ],
  "pune,in": [
    18.5213738,
    73.8545071
  ],
  "puri,in": [
    19.8076083,
    85.8252538
  ],
  "rishikesh,in": [
    30.1086537,
    78.2916193
  ],
  "sarnath,in": [
    25.3776274,
    83.0275999
  ],
  "shantiniketan,in": [
    23.682708,
    87.6880296
  ],
  "shillong,in": [
    25.5759931,
    91.8827872
  ],
  "shimla,in": [
    31.1041526,
    77.1709729
  ],
  "tawang,in": [
    27.5879186,
    91.863733
  ],
  "udaipur,in": [
    24.578721,
    73.6862571
  ],
  "udupi,in": [
    13.5269784,
    74.8731879
  ],
  "varanasi,in": [
    25.3356491,
    83.0076292
  ],
  "vrindavan,in": [
    27.5753726,
    77.6938045
  ],
  "wayanad,in": [
    11.7151292,
    76.1271185
  ]
}